20010103;ITAU3;18500;18500
20010104;ITAU3;18900;18900
20010105;ITAU3;18900;18900
20010108;ITAU3;18900;18900
20010109;ITAU3;19000;18900
20010110;ITAU3;18900;18900
20010111;ITAU3;18900;18900
20010112;ITAU3;18900;18900
20010115;ITAU3;18900;18900
20010116;ITAU3;18900;18900
20010117;ITAU3;18900;18900
20010118;ITAU3;19300;19500
20010119;ITAU3;20200;20200
20010122;ITAU3;19500;19500
20010123;ITAU3;19400;19300
20010124;ITAU3;19000;18800
20010126;ITAU3;18800;19000
20010129;ITAU3;19000;19000
20010130;ITAU3;19100;18800
20010131;ITAU3;18800;18800
20010201;ITAU3;18610;18400
20010202;ITAU3;18400;18400
20010205;ITAU3;18100;18100
20010206;ITAU3;18100;18100
20010207;ITAU3;18000;17800
20010208;ITAU3;18000;18000
20010209;ITAU3;18000;18000
20010212;ITAU3;18000;18000
20010213;ITAU3;18000;18000
20010214;ITAU3;18000;18000
20010215;ITAU3;18000;18000
20010216;ITAU3;18000;17700
20010219;ITAU3;17700;17700
20010220;ITAU3;17300;17300
20010221;ITAU3;17300;17300
20010222;ITAU3;17500;17300
20010223;ITAU3;17300;17300
20010305;ITAU3;17600;17600
20010306;ITAU3;18100;18100
20010307;ITAU3;18301;18300
20010308;ITAU3;18300;18300
20010312;ITAU3;18000;18000
20010313;ITAU3;18000;18000
20010314;ITAU3;17500;17500
20010320;ITAU3;17000;17000
20010321;ITAU3;17000;17000
20010322;ITAU3;16200;16200
20010326;ITAU3;16900;17200
20010327;ITAU3;17200;17400
20010328;ITAU3;17000;17000
20010329;ITAU3;17200;17200
20010330;ITAU3;17200;17200
20010402;ITAU3;17000;17000
20010404;ITAU3;16999;16999
20010405;ITAU3;17000;17000
20010406;ITAU3;16800;16800
20010409;ITAU3;17000;17000
20010410;ITAU3;17100;17100
20010411;ITAU3;17400;18000
20010416;ITAU3;17400;17400
20010417;ITAU3;17200;17200
20010418;ITAU3;17300;17300
20010419;ITAU3;16800;16800
20010420;ITAU3;16600;16500
20010423;ITAU3;15800;15800
20010425;ITAU3;16150;16150
20010426;ITAU3;16000;16500
20010427;ITAU3;17000;17000
20010430;ITAU3;17400;17300
20010502;ITAU3;17000;17000
20010503;ITAU3;17499;17600
20010507;ITAU3;18200;18200
20010508;ITAU3;18000;18000
20010509;ITAU3;18000;18000
20010510;ITAU3;17999;18000
20010515;ITAU3;17400;17400
20010516;ITAU3;17400;18200
20010517;ITAU3;18500;18500
20010521;ITAU3;18400;18400
20010522;ITAU3;18200;18200
20010523;ITAU3;18200;18200
20010524;ITAU3;18200;18200
20010525;ITAU3;18200;18200
20010529;ITAU3;18300;18500
20010530;ITAU3;18500;18500
20010531;ITAU3;18700;19000
20010605;ITAU3;19200;19000
20010606;ITAU3;19000;19000
20010611;ITAU3;19000;19000
20010612;ITAU3;19000;19000
20010615;ITAU3;19000;19000
20010618;ITAU3;18650;18650
20010619;ITAU3;18650;18650
20010620;ITAU3;18650;18650
20010621;ITAU3;18800;18800
20010622;ITAU3;19000;18800
20010625;ITAU3;18800;18800
20010626;ITAU3;18900;18900
20010627;ITAU3;19000;18800
20010702;ITAU3;19001;18800
20010703;ITAU3;19000;18850
20010704;ITAU3;18701;18700
20010705;ITAU3;18900;18900
20010711;ITAU3;18300;18000
20010712;ITAU3;18000;18000
20010713;ITAU3;18200;18200
20010716;ITAU3;18700;18700
20010717;ITAU3;18700;18700
20010718;ITAU3;18500;18500
20010719;ITAU3;18500;18500
20010720;ITAU3;18700;19000
20010727;ITAU3;18800;18800
20010730;ITAU3;19000;19000
20010731;ITAU3;19000;19000
20010801;ITAU3;19000;19000
20010802;ITAU3;19000;19000
20010806;ITAU3;19000;19000
20010807;ITAU3;19000;19500
20010808;ITAU3;19000;19000
20010809;ITAU3;19400;19450
20010813;ITAU3;19000;19000
20010814;ITAU3;19000;19000
20010815;ITAU3;18800;18800
20010816;ITAU3;18900;18700
20010817;ITAU3;18500;18200
20010820;ITAU3;18100;18000
20010821;ITAU3;18050;18001
20010822;ITAU3;17900;17900
20010823;ITAU3;18001;17900
20010827;ITAU3;17817;17800
20010828;ITAU3;17850;17820
20010830;ITAU3;17820;17700
20010831;ITAU3;17700;17500
20010903;ITAU3;17403;17400
20010904;ITAU3;17400;17400
20010905;ITAU3;17400;17400
20010906;ITAU3;17400;17400
20010910;ITAU3;17309;17309
20010914;ITAU3;16003;16000
20010917;ITAU3;16000;16000
20010918;ITAU3;16000;16000
20010920;ITAU3;16000;16100
20010921;ITAU3;16100;16000
20010924;ITAU3;16500;16000
20010925;ITAU3;16100;16100
20010926;ITAU3;16000;16000
20010927;ITAU3;15800;16000
20011001;ITAU3;16000;16000
20011002;ITAU3;16100;16000
20011003;ITAU3;16000;16000
20011005;ITAU3;16200;16000
20011008;ITAU3;16000;16000
20011009;ITAU3;16200;16000
20011015;ITAU3;16900;16900
20011016;ITAU3;17000;17000
20011017;ITAU3;16995;17200
20011018;ITAU3;17200;17500
20011022;ITAU3;18000;18000
20011023;ITAU3;18000;18500
20011024;ITAU3;18500;18500
20011025;ITAU3;18500;18500
20011026;ITAU3;18800;18800
20011030;ITAU3;18800;18800
20011031;ITAU3;18500;18500
20011101;ITAU3;18500;18500
20011105;ITAU3;18500;18500
20011106;ITAU3;18500;18800
20011107;ITAU3;18800;18800
20011108;ITAU3;18800;18400
20011109;ITAU3;18400;18300
20011112;ITAU3;18299;18299
20011113;ITAU3;18500;18300
20011119;ITAU3;18200;18300
20011120;ITAU3;18300;18300
20011121;ITAU3;18500;18500
20011122;ITAU3;18500;18500
20011123;ITAU3;18500;18900
20011126;ITAU3;18900;18900
20011127;ITAU3;18500;18750
20011128;ITAU3;18500;18500
20011129;ITAU3;17500;17500
20011130;ITAU3;17500;17500
20011205;ITAU3;17500;17500
20011206;ITAU3;17300;17300
20011207;ITAU3;17500;17500
20011210;ITAU3;17400;17400
20011213;ITAU3;17400;17400
20011214;ITAU3;17300;17300
20011218;ITAU3;17500;17500
20011219;ITAU3;17500;17500
20011221;ITAU3;17499;17500
20011226;ITAU3;17600;17500
20011227;ITAU3;17500;17500
20011228;ITAU3;17500;17500
20020103;ITAU3;17500;18100
20020104;ITAU3;17900;17900
20020107;ITAU3;17700;17700
20020108;ITAU3;17600;17800
20020109;ITAU3;17600;17600
20020110;ITAU3;17600;17600
20020121;ITAU3;17600;17600
20020124;ITAU3;17500;17500
20020128;ITAU3;17500;17500
20020129;ITAU3;17500;17500
20020130;ITAU3;17509;17500
20020131;ITAU3;17000;17400
20020205;ITAU3;17300;17300
20020206;ITAU3;17300;17350
20020207;ITAU3;17500;17500
20020214;ITAU3;17500;17500
20020215;ITAU3;17500;17500
20020218;ITAU3;17500;17500
20020219;ITAU3;17500;17600
20020220;ITAU3;17600;18000
20020221;ITAU3;19000;19000
20020225;ITAU3;19000;19500
20020226;ITAU3;19800;19500
20020227;ITAU3;19890;19500
20020228;ITAU3;19299;19400
20020301;ITAU3;20399;20399
20020306;ITAU3;18000;18500
20020307;ITAU3;18580;18600
20020311;ITAU3;18800;18800
20020313;ITAU3;18800;19000
20020314;ITAU3;19000;19000
20020315;ITAU3;19000;19000
20020318;ITAU3;18900;19000
20020319;ITAU3;18900;19000
20020320;ITAU3;19100;19100
20020321;ITAU3;18901;18500
20020325;ITAU3;18500;18500
20020326;ITAU3;18100;18200
20020327;ITAU3;18500;18500
20020401;ITAU3;18490;18800
20020403;ITAU3;18800;18800
20020404;ITAU3;18500;18500
20020405;ITAU3;18500;18500
20020408;ITAU3;18500;18500
20020409;ITAU3;18500;18500
20020410;ITAU3;19000;19200
20020411;ITAU3;19000;19100
20020412;ITAU3;19001;19001
20020415;ITAU3;19000;19000
20020416;ITAU3;18900;18500
20020417;ITAU3;18800;18800
20020418;ITAU3;18000;18500
20020422;ITAU3;18500;18700
20020424;ITAU3;18500;18650
20020425;ITAU3;18600;18600
20020426;ITAU3;18800;18800
20020430;ITAU3;18800;18800
20020503;ITAU3;18398;18398
20020506;ITAU3;18389;18389
20020507;ITAU3;18000;18000
20020509;ITAU3;18000;17800
20020510;ITAU3;18000;17500
20020513;ITAU3;18000;17300
20020514;ITAU3;17400;17300
20020515;ITAU3;17300;17300
20020517;ITAU3;17500;17800
20020520;ITAU3;17320;17600
20020521;ITAU3;17600;17500
20020522;ITAU3;17590;17600
20020523;ITAU3;17500;17500
20020524;ITAU3;17500;17500
20020528;ITAU3;17500;17500
20020529;ITAU3;17500;17500
20020603;ITAU3;17400;17400
20020605;ITAU3;17009;17009
20020607;ITAU3;16503;16500
20020610;ITAU3;16500;16500
20020611;ITAU3;16500;16500
20020612;ITAU3;16200;16200
20020613;ITAU3;16200;16200
20020617;ITAU3;16200;16200
20020619;ITAU3;15700;15500
20020620;ITAU3;15350;15000
20020621;ITAU3;15000;14500
20020626;ITAU3;14750;15000
20020701;ITAU3;15000;15000
20020702;ITAU3;15300;15500
20020704;ITAU3;16000;15200
20020705;ITAU3;15200;15200
20020708;ITAU3;15200;15200
20020710;ITAU3;15200;15200
20020711;ITAU3;15200;15200
20020712;ITAU3;15400;15400
20020716;ITAU3;15700;15700
20020717;ITAU3;15699;15100
20020718;ITAU3;15900;15400
20020719;ITAU3;15800;16000
20020723;ITAU3;15151;15000
20020724;ITAU3;14800;14800
20020725;ITAU3;14000;13400
20020726;ITAU3;13000;13000
20020729;ITAU3;12600;12500
20020730;ITAU3;12500;11600
20020731;ITAU3;11500;11800
20020801;ITAU3;12000;12000
20020802;ITAU3;12200;12750
20020805;ITAU3;12750;13000
20020806;ITAU3;13000;13000
20020807;ITAU3;13500;14000
20020808;ITAU3;14500;15200
20020809;ITAU3;15100;14000
20020812;ITAU3;13500;13000
20020813;ITAU3;13000;12560
20020815;ITAU3;12200;12200
20020816;ITAU3;12200;12500
20020819;ITAU3;12200;12200
20020820;ITAU3;12500;12500
20020821;ITAU3;13000;12800
20020822;ITAU3;12800;12600
20020823;ITAU3;12800;12950
20020826;ITAU3;13200;13200
20020827;ITAU3;13500;13500
20020828;ITAU3;14000;14000
20020829;ITAU3;13600;14000
20020830;ITAU3;14100;14000
20020902;ITAU3;14000;14000
20020903;ITAU3;13900;14000
20020904;ITAU3;13800;13800
20020905;ITAU3;13900;13900
20020906;ITAU3;13000;13000
20020909;ITAU3;13000;13000
20020910;ITAU3;13200;13200
20020911;ITAU3;13500;13900
20020912;ITAU3;13500;13500
20020917;ITAU3;12700;12500
20020918;ITAU3;12500;12500
20020924;ITAU3;12500;12500
20020925;ITAU3;12000;12000
20020926;ITAU3;11800;11800
20020927;ITAU3;11800;11800
20020930;ITAU3;11900;11800
20021001;ITAU3;12000;12200
20021002;ITAU3;12500;12500
20021003;ITAU3;13000;13000
20021009;ITAU3;12750;12499
20021011;ITAU3;12260;12260
20021014;ITAU3;12000;12000
20021015;ITAU3;11509;11509
20021017;ITAU3;12000;12300
20021022;ITAU3;12200;12300
20021023;ITAU3;12500;13300
20021024;ITAU3;13500;13900
20021025;ITAU3;13900;14100
20021028;ITAU3;14100;14100
20021029;ITAU3;14000;14000
20021030;ITAU3;14100;14200
20021031;ITAU3;14800;14900
20021118;ITAU3;14200;14200
20021104;ITAU3;14001;14350
20021121;ITAU3;14100;14202
20021105;ITAU3;14350;14350
20021120;ITAU3;14400;14100
20021106;ITAU3;14400;14400
20021107;ITAU3;14300;14290
20021108;ITAU3;14500;14500
20021111;ITAU3;14500;14200
20021112;ITAU3;14500;14500
20021113;ITAU3;13800;14200
20021122;ITAU3;14400;14800
20021126;ITAU3;14700;14202
20021127;ITAU3;14101;14101
20021128;ITAU3;14100;14100
20021129;ITAU3;14000;14200
20021209;ITAU3;14100;14399
20021206;ITAU3;14399;14399
20021205;ITAU3;14100;14000
20021204;ITAU3;14202;14200
20021203;ITAU3;14598;14500
20021202;ITAU3;14400;14799
20021211;ITAU3;14500;14677
20021210;ITAU3;14400;14400
20021218;ITAU3;15100;14951
20021217;ITAU3;14898;14900
20021216;ITAU3;14500;14699
20021212;ITAU3;14675;14977
20021219;ITAU3;15199;15600
20021220;ITAU3;16000;16339
20021226;ITAU3;16000;16000
20021227;ITAU3;15500;15505
20021230;ITAU3;15600;15600
20030324;ITAU3;16000;16000
20030325;ITAU3;16300;16000
20030326;ITAU3;15999;16500
20030327;ITAU3;16994;17200
20030328;ITAU3;17200;17800
20030331;ITAU3;18100;18263
20030402;ITAU3;18190;18190
20030403;ITAU3;17500;17500
20030404;ITAU3;17000;18000
20030407;ITAU3;18200;18401
20030408;ITAU3;18000;18000
20030410;ITAU3;18000;18000
20030414;ITAU3;17000;17494
20030415;ITAU3;17300;17400
20030416;ITAU3;17300;17640
20030417;ITAU3;17550;17400
20030422;ITAU3;17599;17600
20030423;ITAU3;17400;18100
20030425;ITAU3;18100;18100
20030428;ITAU3;17950;18100
20030429;ITAU3;18500;18100
20030430;ITAU3;17702;17900
20030502;ITAU3;17880;17880
20030505;ITAU3;18000;18199
20030506;ITAU3;17700;17900
20030507;ITAU3;18100;18100
20030509;ITAU3;18100;18200
20030512;ITAU3;18000;18000
20030513;ITAU3;18100;18500
20030514;ITAU3;18000;18000
20030515;ITAU3;18000;18100
20030108;ITAU3;16499;16499
20030107;ITAU3;16500;16500
20030106;ITAU3;16100;16500
20030103;ITAU3;15600;16000
20030102;ITAU3;15450;15500
20030113;ITAU3;16500;16200
20030110;ITAU3;16400;16400
20030109;ITAU3;16999;16999
20030120;ITAU3;15800;15800
20030117;ITAU3;15900;15900
20030116;ITAU3;15900;15950
20030115;ITAU3;16000;16000
20030114;ITAU3;16200;16000
20030123;ITAU3;16000;16000
20030131;ITAU3;14950;14950
20030130;ITAU3;14950;14950
20030129;ITAU3;14950;14950
20030127;ITAU3;14950;14950
20030124;ITAU3;14500;14500
20030519;ITAU3;17930;17930
20030520;ITAU3;17600;17500
20030521;ITAU3;17900;18100
20030522;ITAU3;18102;18102
20030523;ITAU3;18200;18500
20030526;ITAU3;18500;18500
20030527;ITAU3;18000;18000
20030528;ITAU3;18489;18600
20030529;ITAU3;18500;18500
20030530;ITAU3;18400;18400
20030602;ITAU3;18350;18350
20030603;ITAU3;18300;18000
20030604;ITAU3;18000;18300
20030605;ITAU3;18000;17951
20030606;ITAU3;17951;18000
20030609;ITAU3;17901;17960
20030610;ITAU3;18300;17900
20030611;ITAU3;17900;17600
20030612;ITAU3;17515;17100
20030616;ITAU3;17600;17600
20030617;ITAU3;17320;17320
20030620;ITAU3;17500;17900
20030623;ITAU3;17899;17895
20030624;ITAU3;17900;18000
20030217;ITAU3;15000;14899
20030214;ITAU3;14800;14800
20030213;ITAU3;14800;14800
20030212;ITAU3;15000;15000
20030211;ITAU3;15199;15200
20030210;ITAU3;15200;15199
20030207;ITAU3;15200;15200
20030205;ITAU3;15200;15000
20030204;ITAU3;14900;14900
20030203;ITAU3;14900;14900
20030218;ITAU3;14900;14900
20030226;ITAU3;14300;14300
20030224;ITAU3;14301;14301
20030221;ITAU3;14300;14300
20030220;ITAU3;14700;14500
20030219;ITAU3;14600;14600
20030228;ITAU3;14400;14550
20030227;ITAU3;14100;14303
20030701;ITAU3;17750;17750
20030702;ITAU3;17750;17750
20030703;ITAU3;17200;17200
20030704;ITAU3;17200;17050
20030707;ITAU3;17100;17000
20030708;ITAU3;17200;16750
20030710;ITAU3;16800;16800
20030711;ITAU3;16750;16700
20030714;ITAU3;16950;17200
20030715;ITAU3;17300;17300
20030716;ITAU3;17629;17400
20030717;ITAU3;17747;18101
20030718;ITAU3;17600;17550
20030721;ITAU3;17600;17600
20030722;ITAU3;17899;17699
20030723;ITAU3;17500;18000
20030724;ITAU3;18359;18695
20030725;ITAU3;18500;18600
20030728;ITAU3;18501;18400
20030729;ITAU3;18400;18360
20030730;ITAU3;18000;18359
20030731;ITAU3;18699;18500
20030801;ITAU3;18300;18699
20030808;ITAU3;18501;18500
20030807;ITAU3;18614;18500
20030811;ITAU3;18500;18500
20030813;ITAU3;18869;18000
20030814;ITAU3;18000;18000
20030815;ITAU3;18000;18869
20030805;ITAU3;19050;18002
20030307;ITAU3;15400;15400
20030306;ITAU3;15000;15499
20030305;ITAU3;14970;14970
20030806;ITAU3;17900;18250
20030320;ITAU3;15750;15950
20030319;ITAU3;15949;15800
20030318;ITAU3;15700;15850
20030317;ITAU3;15700;15300
20030314;ITAU3;15949;15750
20030313;ITAU3;15600;15750
20030312;ITAU3;15700;15600
20030311;ITAU3;15599;15600
20030310;ITAU3;15500;15500
20030321;ITAU3;15950;16300
20030822;ITAU3;19200;18700
20030821;ITAU3;18900;19200
20030818;ITAU3;18869;19480
20030827;ITAU3;19200;19002
20030826;ITAU3;18869;19379
20030825;ITAU3;18500;18500
20030829;ITAU3;19500;20300
20030828;ITAU3;19500;19500
20030908;ITAU3;21700;21700
20030905;ITAU3;21600;21700
20030904;ITAU3;21500;21500
20030903;ITAU3;21000;21610
20030902;ITAU3;21500;21499
20030901;ITAU3;20500;21500
20030917;ITAU3;21470;21400
20030915;ITAU3;21050;21050
20030912;ITAU3;21008;21013
20030911;ITAU3;22000;22000
20030910;ITAU3;21500;22650
20030929;ITAU3;20000;20000
20030925;ITAU3;20000;20001
20030924;ITAU3;20110;20000
20030923;ITAU3;20100;20100
20030922;ITAU3;22886;22886
20030919;ITAU3;21999;22438
20030918;ITAU3;21825;22260
20030930;ITAU3;20800;20000
20031008;ITAU3;20300;21000
20031006;ITAU3;20339;20300
20031002;ITAU3;22300;20200
20031001;ITAU3;21000;21400
20031014;ITAU3;20600;20500
20031013;ITAU3;20601;20601
20031010;ITAU3;21500;21198
20031009;ITAU3;21000;21498
20031022;ITAU3;21000;21000
20031021;ITAU3;20800;21000
20031020;ITAU3;20800;20800
20031017;ITAU3;21000;21000
20031016;ITAU3;20401;20500
20031015;ITAU3;21000;21000
20031031;ITAU3;21105;21101
20031030;ITAU3;21100;21100
20031029;ITAU3;21250;22000
20031028;ITAU3;21500;21500
20031024;ITAU3;21000;21000
20031023;ITAU3;20500;20500
20031107;ITAU3;22238;22000
20031106;ITAU3;21802;21802
20031104;ITAU3;21561;22500
20031103;ITAU3;21501;22000
20031117;ITAU3;21500;21500
20031114;ITAU3;21500;21500
20031113;ITAU3;21900;21500
20031112;ITAU3;21530;21900
20031111;ITAU3;22000;21700
20031125;ITAU3;22000;22100
20031124;ITAU3;21790;21750
20031121;ITAU3;21500;21300
20031120;ITAU3;21700;21299
20031119;ITAU3;20751;21299
20031118;ITAU3;21300;21300
20031128;ITAU3;22250;22250
20031127;ITAU3;22150;22250
20031126;ITAU3;22100;22150
20031208;ITAU3;23000;23000
20031205;ITAU3;22800;23000
20031204;ITAU3;22610;22610
20031203;ITAU3;22500;22700
20031202;ITAU3;22050;22010
20031201;ITAU3;22250;22000
20031212;ITAU3;24200;23766
20031211;ITAU3;23000;24100
20031210;ITAU3;23000;23000
20031209;ITAU3;23000;23950
20031226;ITAU3;25300;25300
20031223;ITAU3;25100;25100
20031222;ITAU3;23901;23901
20031218;ITAU3;23765;23765
20031217;ITAU3;23765;23765
20031216;ITAU3;23765;23765
20031215;ITAU3;23766;23766
20031230;ITAU3;25400;25250
20031229;ITAU3;25300;25400
20040105;ITAU3;25200;26000
20040106;ITAU3;26000;25500
20040107;ITAU3;25500;25550
20040108;ITAU3;25400;25407
20040109;ITAU3;25425;25460
20040112;ITAU3;25500;25500
20040113;ITAU3;25500;25450
20040114;ITAU3;25500;25000
20040115;ITAU3;25500;25500
20040116;ITAU3;23151;25500
20040120;ITAU3;25500;25000
20040121;ITAU3;24999;25000
20040122;ITAU3;25000;24501
20040123;ITAU3;24011;24800
20040126;ITAU3;24800;26000
20040127;ITAU3;26400;26400
20040128;ITAU3;26400;26400
20040129;ITAU3;26000;25800
20040202;ITAU3;26000;26000
20040203;ITAU3;25500;25001
20040206;ITAU3;25500;25500
20040209;ITAU3;25000;24900
20040210;ITAU3;25000;25600
20040211;ITAU3;25500;26500
20040216;ITAU3;25500;25500
20040217;ITAU3;25500;25500
20040218;ITAU3;25601;26000
20040219;ITAU3;26000;26000
20040220;ITAU3;26000;26000
20040225;ITAU3;26000;26000
20040226;ITAU3;25700;26000
20040227;ITAU3;26000;26000
20040301;ITAU3;26100;26000
20040302;ITAU3;26000;26200
20040303;ITAU3;26200;26500
20040304;ITAU3;26500;26500
20040305;ITAU3;26500;26500
20040308;ITAU3;26500;26700
20040309;ITAU3;26700;26500
20040310;ITAU3;26500;26500
20040311;ITAU3;26000;26000
20040312;ITAU3;26500;26000
20040315;ITAU3;26000;25900
20040316;ITAU3;25900;26000
20040317;ITAU3;26000;26000
20040318;ITAU3;26000;26000
20040319;ITAU3;26200;26000
20040322;ITAU3;25900;25400
20040323;ITAU3;25450;25450
20040324;ITAU3;25200;25000
20040325;ITAU3;24500;24500
20040329;ITAU3;24501;24501
20040330;ITAU3;25500;25500
20040331;ITAU3;25000;25000
20040401;ITAU3;25500;25500
20040402;ITAU3;25700;25700
20040406;ITAU3;26000;26000
20040407;ITAU3;25500;25700
20040408;ITAU3;25500;25500
20040413;ITAU3;25600;25600
20040414;ITAU3;26000;25600
20040415;ITAU3;25600;25600
20040419;ITAU3;25100;25100
20040422;ITAU3;25100;24700
20040423;ITAU3;24500;24400
20040427;ITAU3;24400;24400
20040503;ITAU3;24000;24000
20040505;ITAU3;24000;24000
20040507;ITAU3;22999;22999
20040510;ITAU3;22000;22000
20040512;ITAU3;22000;22000
20040517;ITAU3;22002;22000
20040518;ITAU3;22500;22500
20040519;ITAU3;23000;23003
20040520;ITAU3;22700;23000
20040521;ITAU3;23000;23000
20040524;ITAU3;23000;23000
20040525;ITAU3;23500;23500
20040526;ITAU3;23500;23500
20040528;ITAU3;23500;23500
20040531;ITAU3;23600;23600
20040601;ITAU3;23600;23600
20040602;ITAU3;23600;24000
20040603;ITAU3;24100;24100
20040604;ITAU3;24300;24300
20040607;ITAU3;24500;24500
20040608;ITAU3;24500;24499
20040609;ITAU3;24200;24200
20040615;ITAU3;23800;24000
20040621;ITAU3;24200;24200
20040623;ITAU3;24200;24200
20040624;ITAU3;24201;24200
20040625;ITAU3;24200;25000
20040629;ITAU3;25000;25500
20040630;ITAU3;25500;25500
20040701;ITAU3;25600;25600
20040705;ITAU3;26000;26000
20040706;ITAU3;25990;25990
20040708;ITAU3;25990;25989
20040713;ITAU3;25999;26000
20040714;ITAU3;26000;26000
20040715;ITAU3;25990;26000
20040716;ITAU3;26000;26000
20040719;ITAU3;26000;26000
20040720;ITAU3;26000;26000
20040721;ITAU3;26000;26000
20040722;ITAU3;25500;25500
20040723;ITAU3;25400;25700
20040726;ITAU3;25000;25000
20040728;ITAU3;25400;25400
20040729;ITAU3;25500;25500
20040730;ITAU3;25000;25000
20040805;ITAU3;25300;25000
20040804;ITAU3;24750;25250
20040803;ITAU3;24800;24750
20040802;ITAU3;25000;24800
20040812;ITAU3;25400;25400
20040811;ITAU3;25300;25300
20040810;ITAU3;25200;25300
20040809;ITAU3;25000;25000
20040806;ITAU3;24800;25000
20040817;ITAU3;25400;25450
20040816;ITAU3;25400;25400
20040823;ITAU3;27500;27300
20040820;ITAU3;27000;27500
20040819;ITAU3;26300;27000
20040818;ITAU3;25400;26300
20040827;ITAU3;26900;26500
20040826;ITAU3;27200;27200
20040825;ITAU3;27500;27400
20040824;ITAU3;27000;27000
20040831;ITAU3;26000;25500
20040830;ITAU3;26000;26000
20040908;ITAU3;26000;26200
20040906;ITAU3;25750;25750
20040903;ITAU3;25500;25700
20040902;ITAU3;25700;25700
20040901;ITAU3;25601;25600
20040916;ITAU3;26200;26999
20040915;ITAU3;26300;26500
20040914;ITAU3;26200;26500
20040913;ITAU3;25990;26150
20040910;ITAU3;25900;25500
20040909;ITAU3;26000;25991
20040928;ITAU3;27500;27000
20040924;ITAU3;28000;27400
20040923;ITAU3;27400;27600
20040922;ITAU3;27600;27600
20040921;ITAU3;28100;27900
20040920;ITAU3;27400;28300
20040917;ITAU3;26999;27400
20040930;ITAU3;27150;27300
20040929;ITAU3;27101;27100
20041007;ITAU3;28500;28500
20041006;ITAU3;28000;28500
20041005;ITAU3;28000;28000
20041004;ITAU3;28000;28000
20041001;ITAU3;27501;28000
20041015;ITAU3;28500;28500
20041014;ITAU3;28500;28500
20041013;ITAU3;29000;29000
20041008;ITAU3;29000;28500
20041019;ITAU3;28500;28500
20041018;ITAU3;28500;28500
20041026;ITAU3;29000;29000
20041025;ITAU3;28515;28515
20041022;ITAU3;29000;28800
20041021;ITAU3;28500;28500
20041029;ITAU3;29300;29300
20041028;ITAU3;29000;29400
20041108;ITAU3;28500;28500
20041105;ITAU3;29000;29000
20041104;ITAU3;29900;30000
20041103;ITAU3;29000;29000
20041124;ITAU3;29000;28002
20041119;ITAU3;29000;29000
20041117;ITAU3;28500;28500
20041112;ITAU3;28501;28500
20041111;ITAU3;29000;29000
20041110;ITAU3;29000;29000
20041130;ITAU3;29500;29800
20041129;ITAU3;28900;29000
20041125;ITAU3;28500;29000
20041216;ITAU3;34000;34000
20041215;ITAU3;34000;34000
20041214;ITAU3;34000;34000
20041213;ITAU3;34000;34000
20041210;ITAU3;32000;32000
20041207;ITAU3;31998;32000
20041206;ITAU3;32000;32000
20041203;ITAU3;32000;31999
20041202;ITAU3;30000;31999
20041201;ITAU3;29700;30000
20041217;ITAU3;34565;34565
20041223;ITAU3;35990;36000
20041221;ITAU3;33500;33500
20041227;ITAU3;35000;35000
20050103;ITAU3;34975;34975
20050105;ITAU3;34975;34975
20050107;ITAU3;34700;35000
20050110;ITAU3;35000;35000
20050112;ITAU3;34700;34400
20050117;ITAU3;34400;34400
20050118;ITAU3;34400;34400
20050119;ITAU3;34500;34500
20050121;ITAU3;34000;34000
20050124;ITAU3;34500;34000
20050126;ITAU3;33400;33400
20050128;ITAU3;33400;33400
20050201;ITAU3;33000;33000
20050202;ITAU3;34000;34000
20050210;ITAU3;35000;35000
20050214;ITAU3;37000;37000
20050215;ITAU3;37000;37000
20050216;ITAU3;37000;37000
20050217;ITAU3;37000;37775
20050221;ITAU3;37775;37775
20050223;ITAU3;36990;36990
20050224;ITAU3;38001;38500
20050301;ITAU3;38000;38000
20050302;ITAU3;38000;38000
20050303;ITAU3;38000;38100
20050304;ITAU3;38100;40000
20050307;ITAU3;39700;39700
20050309;ITAU3;39700;39700
20050310;ITAU3;39700;42500
20050311;ITAU3;42300;42300
20050314;ITAU3;42300;42300
20050315;ITAU3;42000;42000
20050317;ITAU3;42000;42000
20050318;ITAU3;42501;42501
20050324;ITAU3;42200;42200
20050404;ITAU3;40000;40000
20050408;ITAU3;39500;39500
20050411;ITAU3;39500;39500
20050412;ITAU3;39000;39000
20050425;ITAU3;38000;38000
20050426;ITAU3;38999;38999
20050427;ITAU3;38000;38500
20050503;ITAU3;39000;38300
20050504;ITAU3;38800;38900
20050505;ITAU3;39000;39000
20050506;ITAU3;38000;38000
20050509;ITAU3;38005;38000
20050510;ITAU3;37000;37000
20050511;ITAU3;36500;36000
20050512;ITAU3;36000;36000
20050513;ITAU3;37000;37000
20050516;ITAU3;37000;37000
20050520;ITAU3;37000;37000
20050524;ITAU3;38000;38000
20050602;ITAU3;37000;38000
20050603;ITAU3;38500;38500
20050609;ITAU3;38500;38500
20050613;ITAU3;38500;38500
20050614;ITAU3;38000;38000
20050615;ITAU3;38000;38000
20050616;ITAU3;36000;36000
20050621;ITAU3;36300;36300
20050623;ITAU3;35600;35500
20050628;ITAU3;36000;36000
20050629;ITAU3;36000;36000
20050706;ITAU3;35500;36300
20050707;ITAU3;37000;37000
20050711;ITAU3;37000;37000
20050713;ITAU3;37000;37000
20050714;ITAU3;37500;37001
20050715;ITAU3;37000;37000
20050719;ITAU3;36500;36500
20050727;ITAU3;35980;36500
20050728;ITAU3;36500;37000
20050729;ITAU3;37500;37000
20050801;ITAU3;37000;38000
20050802;ITAU3;38500;39000
20050803;ITAU3;39000;39499
20050808;ITAU3;38000;38400
20050809;ITAU3;38000;38400
20050810;ITAU3;39000;39400
20050811;ITAU3;39400;39400
20050812;ITAU3;38500;39000
20050815;ITAU3;38725;39500
20050816;ITAU3;38900;39250
20050817;ITAU3;39000;39600
20050818;ITAU3;39000;39000
20050819;ITAU3;39600;39600
20050822;ITAU3;39900;41500
20050823;ITAU3;41499;41399
20050824;ITAU3;41300;41920
20050826;ITAU3;41000;41000
20050830;ITAU3;41000;41000
20050831;ITAU3;41000;41000
20050901;ITAU3;41500;42000
20050902;ITAU3;42000;42900
20050906;ITAU3;43500;45500
20050908;ITAU3;46000;46000
20050909;ITAU3;46200;49700
20050912;ITAU3;47000;47000
20050913;ITAU3;47000;47002
20050923;ITAU3;48001;48000
20050928;ITAU3;49799;49799
20050930;ITAU3;50000;50000
20051003;ITAU3;4860;4860
20051004;ITAU3;4999;4861
20051005;ITAU3;4900;4800
20051006;ITAU3;4650;4650
20051007;ITAU3;4800;4800
20051010;ITAU3;4800;4800
20051011;ITAU3;4800;4790
20051013;ITAU3;4700;4550
20051014;ITAU3;4550;4401
20051017;ITAU3;4400;4400
20051018;ITAU3;4400;4600
20051020;ITAU3;4308;4400
20051021;ITAU3;4250;4250
20051024;ITAU3;4250;4350
20051025;ITAU3;4350;4400
20051026;ITAU3;4400;4500
20051027;ITAU3;4550;4500
20051028;ITAU3;4500;4500
20051031;ITAU3;4500;4500
20051101;ITAU3;4500;4500
20051103;ITAU3;4600;4599
20051104;ITAU3;4560;4560
20051107;ITAU3;4560;4580
20051108;ITAU3;4600;4600
20051109;ITAU3;4590;4500
20051110;ITAU3;4699;4600
20051111;ITAU3;4698;4699
20051114;ITAU3;4501;4501
20051116;ITAU3;4600;4580
20051117;ITAU3;4650;4800
20051118;ITAU3;4900;4671
20051121;ITAU3;4750;4676
20051122;ITAU3;4700;4700
20051123;ITAU3;4700;4741
20051124;ITAU3;4720;4750
20051125;ITAU3;4750;4839
20051128;ITAU3;4850;4800
20051129;ITAU3;4800;4809
20051130;ITAU3;4800;4829
20051201;ITAU3;4815;4801
20051202;ITAU3;4800;4802
20051205;ITAU3;4850;4850
20051206;ITAU3;4900;5000
20051207;ITAU3;4870;4980
20051208;ITAU3;4995;4940
20051209;ITAU3;4900;4900
20051212;ITAU3;4950;4850
20051213;ITAU3;4900;4900
20051214;ITAU3;4870;4850
20051215;ITAU3;4900;4900
20051216;ITAU3;4930;4900
20051219;ITAU3;4900;4900
20051220;ITAU3;4900;4952
20051221;ITAU3;5000;5000
20051222;ITAU3;5000;5000
20051223;ITAU3;4994;4900
20051227;ITAU3;4867;4830
20051228;ITAU3;4800;4701
20051229;ITAU3;4701;4701
20060102;ITAU3;4700;4710
20060103;ITAU3;4945;4950
20060104;ITAU3;4950;4900
20060105;ITAU3;4970;5000
20060106;ITAU3;5000;5100
20060109;ITAU3;5110;5115
20060110;ITAU3;5115;5129
20060111;ITAU3;5100;5100
20060112;ITAU3;5140;5150
20060113;ITAU3;5000;5184
20060116;ITAU3;5185;5200
20060117;ITAU3;5200;5200
20060118;ITAU3;5156;5200
20060119;ITAU3;5300;5450
20060120;ITAU3;5500;5480
20060123;ITAU3;5451;5509
20060124;ITAU3;5509;5505
20060126;ITAU3;5505;5600
20060127;ITAU3;5650;5700
20060130;ITAU3;5700;5700
20060131;ITAU3;5750;5650
20060201;ITAU3;5500;5700
20060202;ITAU3;5700;5650
20060203;ITAU3;5620;5620
20060206;ITAU3;5600;5600
20060207;ITAU3;5600;5410
20060208;ITAU3;5400;5450
20060209;ITAU3;5450;5600
20060210;ITAU3;5800;5750
20060213;ITAU3;5750;5750
20060214;ITAU3;5750;5700
20060215;ITAU3;5800;5800
20060216;ITAU3;5800;6000
20060217;ITAU3;6001;6000
20060220;ITAU3;6000;6200
20060221;ITAU3;6250;6100
20060222;ITAU3;6100;6000
20060223;ITAU3;6000;5871
20060224;ITAU3;5899;5850
20060301;ITAU3;5920;6000
20060302;ITAU3;6000;5980
20060303;ITAU3;5950;5995
20060306;ITAU3;5951;5900
20060307;ITAU3;5653;5715
20060308;ITAU3;5600;5600
20060309;ITAU3;5600;5500
20060310;ITAU3;5600;5600
20060313;ITAU3;5700;5890
20060314;ITAU3;5800;5850
20060315;ITAU3;5900;5950
20060316;ITAU3;6000;5950
20060317;ITAU3;5900;5988
20060320;ITAU3;5988;5990
20060321;ITAU3;5900;5900
20060322;ITAU3;5949;5990
20060323;ITAU3;6000;5900
20060324;ITAU3;5920;5930
20060328;ITAU3;5830;5630
20060329;ITAU3;5630;5600
20060330;ITAU3;5750;5550
20060331;ITAU3;5554;5550
20060403;ITAU3;5580;5675
20060404;ITAU3;5700;5720
20060405;ITAU3;5715;5820
20060406;ITAU3;5870;5870
20060407;ITAU3;5799;5799
20060410;ITAU3;5680;5620
20060411;ITAU3;5750;5500
20060412;ITAU3;5600;5500
20060413;ITAU3;5500;5400
20060417;ITAU3;5400;5490
20060418;ITAU3;5579;5550
20060419;ITAU3;5590;5570
20060420;ITAU3;5600;5503
20060424;ITAU3;5605;5580
20060425;ITAU3;5580;5550
20060426;ITAU3;5555;5580
20060427;ITAU3;5550;5540
20060428;ITAU3;5600;5670
20060502;ITAU3;5671;5830
20060503;ITAU3;5830;5850
20060504;ITAU3;5855;5900
20060505;ITAU3;5990;6050
20060508;ITAU3;6148;6250
20060509;ITAU3;6250;6350
20060510;ITAU3;6250;6140
20060511;ITAU3;6140;5950
20060512;ITAU3;6000;5870
20060515;ITAU3;5799;5700
20060516;ITAU3;5701;5700
20060517;ITAU3;5700;5600
20060518;ITAU3;5600;5600
20060519;ITAU3;5600;5500
20060522;ITAU3;5299;5200
20060523;ITAU3;5300;5300
20060524;ITAU3;5200;5010
20060525;ITAU3;5030;5340
20060526;ITAU3;5400;5499
20060529;ITAU3;5500;5400
20060530;ITAU3;5210;5295
20060531;ITAU3;5500;5300
20060601;ITAU3;5277;5450
20060602;ITAU3;5500;5490
20060605;ITAU3;5450;5400
20060607;ITAU3;5200;4911
20060608;ITAU3;4911;4850
20060609;ITAU3;5000;5000
20060612;ITAU3;5000;4880
20060613;ITAU3;4600;4540
20060614;ITAU3;4601;4525
20060616;ITAU3;4649;4800
20060619;ITAU3;4800;4900
20060620;ITAU3;4900;5000
20060621;ITAU3;5100;5100
20060622;ITAU3;5100;5150
20060623;ITAU3;4980;5099
20060626;ITAU3;5200;5100
20060627;ITAU3;5100;5000
20060628;ITAU3;5000;4900
20060629;ITAU3;5000;5240
20060630;ITAU3;5300;5384
20060703;ITAU3;5490;5550
20060704;ITAU3;5599;5600
20060705;ITAU3;5600;5590
20060706;ITAU3;5550;5530
20060707;ITAU3;5540;5300
20060710;ITAU3;5480;5300
20060711;ITAU3;5400;5400
20060712;ITAU3;5400;5350
20060713;ITAU3;5250;5250
20060714;ITAU3;5200;5100
20060717;ITAU3;5040;5040
20060718;ITAU3;5150;4981
20060719;ITAU3;5000;5400
20060720;ITAU3;5400;5400
20060724;ITAU3;5500;5500
20060725;ITAU3;5500;5620
20060726;ITAU3;5600;5506
20060727;ITAU3;5551;5600
20060728;ITAU3;5649;5650
20060731;ITAU3;5650;5600
20060801;ITAU3;5500;5500
20060802;ITAU3;5550;5501
20060803;ITAU3;5400;5400
20060804;ITAU3;5500;5590
20060807;ITAU3;5600;5600
20060809;ITAU3;5500;5450
20060810;ITAU3;5350;5544
20060811;ITAU3;5500;5350
20060814;ITAU3;5350;5290
20060815;ITAU3;5290;5450
20060816;ITAU3;5500;5585
20060817;ITAU3;5550;5400
20060818;ITAU3;5402;5403
20060821;ITAU3;5500;5411
20060822;ITAU3;5450;5480
20060823;ITAU3;5500;5319
20060824;ITAU3;5310;5319
20060825;ITAU3;5449;5400
20060828;ITAU3;5560;5500
20060829;ITAU3;5520;5499
20060830;ITAU3;5550;5490
20060831;ITAU3;5590;5545
20060901;ITAU3;5510;5600
20060904;ITAU3;5600;5550
20060905;ITAU3;5550;5500
20060906;ITAU3;5500;5549
20060911;ITAU3;5350;5400
20060912;ITAU3;5400;5550
20060913;ITAU3;5550;5585
20060914;ITAU3;5560;5585
20060915;ITAU3;5570;5650
20060918;ITAU3;5615;5700
20060919;ITAU3;5644;5589
20060920;ITAU3;5540;5550
20060921;ITAU3;5490;5449
20060922;ITAU3;5251;5251
20060925;ITAU3;5298;5221
20060926;ITAU3;5379;5499
20060927;ITAU3;5300;5399
20060928;ITAU3;5399;5380
20060929;ITAU3;5450;5450
20061002;ITAU3;5550;5400
20061003;ITAU3;5500;5440
20061004;ITAU3;5480;5700
20061005;ITAU3;5690;5770
20061006;ITAU3;5700;5780
20061009;ITAU3;5750;5750
20061010;ITAU3;5705;5840
20061011;ITAU3;5702;5840
20061013;ITAU3;5860;5900
20061016;ITAU3;5900;5900
20061017;ITAU3;5870;5900
20061018;ITAU3;5950;5890
20061019;ITAU3;5920;5950
20061020;ITAU3;5900;5900
20061023;ITAU3;5900;6007
20061024;ITAU3;6044;6072
20061025;ITAU3;6089;6150
20061026;ITAU3;6175;6100
20061027;ITAU3;6149;6075
20061030;ITAU3;6150;5980
20061031;ITAU3;6149;5970
20061101;ITAU3;5970;5930
20061103;ITAU3;5970;5919
20061106;ITAU3;5930;5900
20061107;ITAU3;5928;5869
20061108;ITAU3;5869;6000
20061109;ITAU3;6000;5900
20061110;ITAU3;5900;5900
20061113;ITAU3;5967;5990
20061114;ITAU3;6000;6050
20061116;ITAU3;6100;6130
20061117;ITAU3;6000;6102
20061121;ITAU3;6130;6050
20061122;ITAU3;6000;6120
20061123;ITAU3;6170;6175
20061124;ITAU3;6150;6100
20061127;ITAU3;6074;5915
20061128;ITAU3;5915;6000
20061129;ITAU3;6000;6050
20061130;ITAU3;6050;6000
20061201;ITAU3;6015;6000
20061204;ITAU3;6005;6100
20061205;ITAU3;6100;6125
20061206;ITAU3;6100;6126
20061207;ITAU3;6200;6160
20061208;ITAU3;6200;6198
20061211;ITAU3;6197;6169
20061212;ITAU3;6150;6100
20061213;ITAU3;6100;6140
20061214;ITAU3;6140;6155
20061215;ITAU3;6171;6180
20061218;ITAU3;6180;6190
20061219;ITAU3;6270;6110
20061220;ITAU3;6170;6170
20061221;ITAU3;6230;6120
20061222;ITAU3;6180;6180
20061226;ITAU3;6200;6190
20061227;ITAU3;6190;6500
20061228;ITAU3;6350;6474
20070102;ITAU3;6400;6600
20070103;ITAU3;6550;6600
20070104;ITAU3;6550;6583
20070105;ITAU3;6574;6349
20070108;ITAU3;6351;6438
20070109;ITAU3;6450;6440
20070110;ITAU3;6212;6300
20070111;ITAU3;6284;6390
20070112;ITAU3;6387;6387
20070115;ITAU3;6498;6445
20070116;ITAU3;6450;6450
20070117;ITAU3;6500;6440
20070118;ITAU3;6445;6410
20070119;ITAU3;6500;6500
20070122;ITAU3;6545;6500
20070123;ITAU3;6550;6550
20070124;ITAU3;6600;6624
20070126;ITAU3;6600;6680
20070129;ITAU3;6662;6599
20070130;ITAU3;6590;6555
20070131;ITAU3;6600;6650
20070201;ITAU3;6650;6650
20070202;ITAU3;6600;6610
20070205;ITAU3;6680;6630
20070206;ITAU3;6581;6600
20070207;ITAU3;6600;6581
20070208;ITAU3;6580;6630
20070209;ITAU3;6649;6500
20070212;ITAU3;6578;6400
20070213;ITAU3;6450;6400
20070214;ITAU3;6395;6500
20070215;ITAU3;6500;6500
20070216;ITAU3;6500;6470
20070221;ITAU3;6433;6378
20070222;ITAU3;6465;6481
20070223;ITAU3;6599;6400
20070226;ITAU3;6440;6370
20070227;ITAU3;6380;6056
20070228;ITAU3;6100;6250
20070301;ITAU3;5950;6089
20070302;ITAU3;6000;5912
20070305;ITAU3;5805;5741
20070306;ITAU3;5875;6075
20070307;ITAU3;6058;6012
20070308;ITAU3;6060;6090
20070309;ITAU3;6161;6100
20070312;ITAU3;6100;6180
20070313;ITAU3;6070;5981
20070314;ITAU3;5915;5975
20070315;ITAU3;5998;5989
20070316;ITAU3;5998;5903
20070319;ITAU3;6038;6100
20070320;ITAU3;6100;6161
20070321;ITAU3;6161;6400
20070322;ITAU3;6390;6370
20070323;ITAU3;6390;6315
20070326;ITAU3;6300;6350
20070327;ITAU3;6300;6250
20070328;ITAU3;6240;6055
20070329;ITAU3;6144;6200
20070330;ITAU3;6200;6138
20070402;ITAU3;6200;6070
20070403;ITAU3;6150;6280
20070404;ITAU3;6200;6285
20070405;ITAU3;6298;6340
20070409;ITAU3;6350;6350
20070410;ITAU3;6350;6388
20070411;ITAU3;6387;6300
20070412;ITAU3;6300;6313
20070413;ITAU3;6398;6325
20070416;ITAU3;6398;6490
20070417;ITAU3;6649;6640
20070418;ITAU3;6599;6590
20070419;ITAU3;6600;6640
20070420;ITAU3;6680;6750
20070423;ITAU3;6900;6949
20070424;ITAU3;6850;6850
20070425;ITAU3;6840;6849
20070426;ITAU3;6840;6920
20070427;ITAU3;6870;6850
20070430;ITAU3;6850;6800
20070502;ITAU3;6801;6900
20070503;ITAU3;6900;7000
20070504;ITAU3;7000;7050
20070507;ITAU3;7100;7099
20070508;ITAU3;7110;7269
20070509;ITAU3;7268;7490
20070510;ITAU3;7420;7400
20070511;ITAU3;7497;7400
20070514;ITAU3;7400;7199
20070515;ITAU3;7200;7100
20070516;ITAU3;7200;7350
20070517;ITAU3;7349;7410
20070518;ITAU3;7460;7700
20070521;ITAU3;7790;7700
20070522;ITAU3;7794;7699
20070523;ITAU3;7720;7600
20070524;ITAU3;7501;7410
20070525;ITAU3;7500;7480
20070528;ITAU3;7600;7585
20070529;ITAU3;7585;7540
20070530;ITAU3;7420;7600
20070531;ITAU3;7600;7600
20070601;ITAU3;7718;7619
20070604;ITAU3;7550;7560
20070605;ITAU3;7561;7600
20070606;ITAU3;7599;7550
20070608;ITAU3;7550;7550
20070611;ITAU3;7599;7599
20070612;ITAU3;7451;7480
20070613;ITAU3;7500;7599
20070614;ITAU3;7610;7620
20070615;ITAU3;7650;7700
20070618;ITAU3;7747;7750
20070619;ITAU3;7740;7750
20070620;ITAU3;7750;7700
20070621;ITAU3;7800;7790
20070622;ITAU3;7780;7700
20070625;ITAU3;7680;7738
20070626;ITAU3;7760;7650
20070627;ITAU3;7650;7650
20070628;ITAU3;7720;7700
20070629;ITAU3;7710;7700
20070702;ITAU3;7700;7800
20070703;ITAU3;7800;7805
20070704;ITAU3;7700;7820
20070705;ITAU3;7820;7800
20070706;ITAU3;7800;7750
20070710;ITAU3;7910;7710
20070711;ITAU3;7860;7820
20070712;ITAU3;7910;8250
20070713;ITAU3;8150;8200
20070716;ITAU3;8200;8300
20070717;ITAU3;8300;8350
20070718;ITAU3;8350;8400
20070719;ITAU3;8500;8450
20070720;ITAU3;8550;8400
20070723;ITAU3;8679;8500
20070724;ITAU3;8500;8000
20070725;ITAU3;8295;8097
20070726;ITAU3;7870;7900
20070727;ITAU3;7850;7900
20070730;ITAU3;7900;7925
20070731;ITAU3;8100;7950
20070801;ITAU3;7900;7701
20070802;ITAU3;8000;7980
20070803;ITAU3;7900;7880
20070806;ITAU3;7780;7725
20070807;ITAU3;7900;7750
20070808;ITAU3;8000;7900
20070809;ITAU3;7898;7610
20070810;ITAU3;7550;7769
20070813;ITAU3;7700;7551
20070814;ITAU3;7500;7302
20070815;ITAU3;7400;7200
20070816;ITAU3;7151;7100
20070817;ITAU3;7600;7430
20070820;ITAU3;7471;7400
20070821;ITAU3;7450;7400
20070822;ITAU3;7560;7600
20070823;ITAU3;7645;7525
20070824;ITAU3;7500;7790
20070827;ITAU3;7800;7847
20070828;ITAU3;7750;7600
20070829;ITAU3;7550;7500
20070830;ITAU3;7650;7650
20070831;ITAU3;7898;8000
20070903;ITAU3;7975;7950
20070904;ITAU3;7945;7900
20070905;ITAU3;7800;7763
20070906;ITAU3;7899;7750
20070910;ITAU3;7518;7500
20070911;ITAU3;7500;7485
20070912;ITAU3;7600;7500
20070913;ITAU3;7650;7700
20070914;ITAU3;7700;7601
20070917;ITAU3;7600;7500
20070918;ITAU3;7600;7800
20070919;ITAU3;7917;7900
20070920;ITAU3;7899;7850
20070921;ITAU3;7900;7970
20070924;ITAU3;8050;7950
20070925;ITAU3;7940;8100
20070926;ITAU3;8150;8300
20070927;ITAU3;8500;8600
20070928;ITAU3;8500;8601
20071001;ITAU3;4370;4400
20071002;ITAU3;4400;4400
20071003;ITAU3;4450;4301
20071004;ITAU3;4410;4300
20071005;ITAU3;4410;4548
20071008;ITAU3;4501;4600
20071009;ITAU3;4800;4800
20071010;ITAU3;4820;4710
20071011;ITAU3;4700;4550
20071015;ITAU3;4700;4480
20071016;ITAU3;4480;4400
20071017;ITAU3;4600;4545
20071019;ITAU3;4500;4350
20071022;ITAU3;4400;4375
20071023;ITAU3;4444;4450
20071024;ITAU3;4542;4390
20071025;ITAU3;4351;4300
20071026;ITAU3;4400;4461
20071029;ITAU3;4550;4551
20071030;ITAU3;4500;4490
20071031;ITAU3;4650;4549
20071101;ITAU3;4529;4400
20071105;ITAU3;4300;4300
20071106;ITAU3;4400;4268
20071107;ITAU3;4356;4290
20071108;ITAU3;4300;4150
20071109;ITAU3;4210;4200
20071112;ITAU3;4200;4100
20071113;ITAU3;4198;4190
20071114;ITAU3;4191;4200
20071116;ITAU3;4153;4299
20071119;ITAU3;4210;4200
20071121;ITAU3;4230;4107
20071122;ITAU3;4100;3980
20071123;ITAU3;4072;3980
20071126;ITAU3;4043;3985
20071127;ITAU3;3960;4099
20071128;ITAU3;4160;4235
20071129;ITAU3;4289;4240
20071130;ITAU3;4399;4400
20071203;ITAU3;4420;4498
20071204;ITAU3;4401;4479
20071205;ITAU3;4499;4490
20071206;ITAU3;4500;4559
20071207;ITAU3;4560;4550
20071210;ITAU3;4566;4602
20071211;ITAU3;4603;4600
20071212;ITAU3;4603;4580
20071213;ITAU3;4500;4570
20071214;ITAU3;4500;4470
20071217;ITAU3;4250;4300
20071218;ITAU3;4401;4310
20071219;ITAU3;4310;4300
20071220;ITAU3;4310;4300
20071221;ITAU3;4340;4350
20071226;ITAU3;4400;4410
20071227;ITAU3;4400;4351
20071228;ITAU3;4375;4300
20080102;ITAU3;4360;4200
20080103;ITAU3;4275;4080
20080104;ITAU3;4090;4080
20080107;ITAU3;4080;4020
20080108;ITAU3;4100;4050
20080109;ITAU3;4050;4000
20080110;ITAU3;4000;4035
20080111;ITAU3;4060;4183
20080114;ITAU3;4200;4050
20080115;ITAU3;4050;4000
20080116;ITAU3;4000;3778
20080117;ITAU3;3850;3839
20080118;ITAU3;3800;3715
20080121;ITAU3;3620;3550
20080122;ITAU3;3550;3550
20080123;ITAU3;3500;3550
20080124;ITAU3;3560;3700
20080128;ITAU3;3750;3690
20080129;ITAU3;3750;3660
20080130;ITAU3;3660;3580
20080131;ITAU3;3665;3500
20080201;ITAU3;3501;3480
20080206;ITAU3;3480;3411
20080207;ITAU3;3470;3400
20080208;ITAU3;3400;3301
20080211;ITAU3;3336;3385
20080212;ITAU3;3460;3501
20080213;ITAU3;3520;3675
20080214;ITAU3;3700;3670
20080215;ITAU3;3650;3650
20080218;ITAU3;3700;3750
20080219;ITAU3;3789;3800
20080220;ITAU3;3855;3821
20080221;ITAU3;3900;3890
20080222;ITAU3;3895;3892
20080225;ITAU3;3850;3900
20080226;ITAU3;3900;3950
20080227;ITAU3;3970;4027
20080228;ITAU3;4030;4030
20080229;ITAU3;4000;3970
20080303;ITAU3;3965;4200
20080304;ITAU3;4200;4030
20080305;ITAU3;4050;4140
20080306;ITAU3;4050;4110
20080307;ITAU3;4100;3960
20080310;ITAU3;4078;3940
20080311;ITAU3;4000;4022
20080312;ITAU3;4050;3910
20080313;ITAU3;3800;4000
20080314;ITAU3;3900;3850
20080317;ITAU3;3851;3720
20080318;ITAU3;3742;3775
20080319;ITAU3;3781;3650
20080320;ITAU3;3651;3650
20080324;ITAU3;3651;3700
20080325;ITAU3;3710;3780
20080326;ITAU3;3800;3720
20080327;ITAU3;3670;3682
20080328;ITAU3;3719;3665
20080331;ITAU3;3700;3680
20080401;ITAU3;3690;3780
20080402;ITAU3;3760;3800
20080403;ITAU3;3790;3800
20080404;ITAU3;3800;3860
20080407;ITAU3;3750;3850
20080408;ITAU3;3850;3830
20080409;ITAU3;3791;3844
20080410;ITAU3;3845;3800
20080411;ITAU3;3800;3750
20080414;ITAU3;3750;3800
20080415;ITAU3;3799;3780
20080416;ITAU3;3780;3840
20080417;ITAU3;3949;3940
20080418;ITAU3;4000;4040
20080422;ITAU3;4050;4000
20080423;ITAU3;3999;3950
20080424;ITAU3;3850;3940
20080425;ITAU3;3950;3850
20080428;ITAU3;3950;3956
20080429;ITAU3;3956;3880
20080430;ITAU3;3990;4198
20080502;ITAU3;4306;4300
20080505;ITAU3;4400;4337
20080506;ITAU3;4337;4245
20080507;ITAU3;4246;4115
20080508;ITAU3;4200;4150
20080509;ITAU3;4159;4102
20080512;ITAU3;4102;4209
20080513;ITAU3;4235;4110
20080514;ITAU3;4180;4080
20080515;ITAU3;4080;4169
20080516;ITAU3;4155;4170
20080519;ITAU3;4200;4205
20080520;ITAU3;4200;4200
20080521;ITAU3;4200;4160
20080523;ITAU3;4150;4120
20080526;ITAU3;4120;4130
20080527;ITAU3;4101;4180
20080528;ITAU3;4210;4270
20080529;ITAU3;4275;4285
20080530;ITAU3;4349;4370
20080602;ITAU3;3426;3491
20080603;ITAU3;3421;3380
20080604;ITAU3;3300;3350
20080605;ITAU3;3350;3400
20080606;ITAU3;3350;3320
20080609;ITAU3;3320;3250
20080610;ITAU3;3235;3200
20080611;ITAU3;3150;3160
20080612;ITAU3;3200;3200
20080613;ITAU3;3220;3210
20080616;ITAU3;3300;3270
20080617;ITAU3;3285;3301
20080618;ITAU3;3300;3250
20080619;ITAU3;3200;3170
20080620;ITAU3;3248;3151
20080623;ITAU3;3200;3150
20080624;ITAU3;3100;3080
20080625;ITAU3;3100;3080
20080626;ITAU3;3030;3010
20080627;ITAU3;3010;3000
20080630;ITAU3;3100;3025
20080701;ITAU3;3020;2999
20080702;ITAU3;2970;2960
20080703;ITAU3;2900;3000
20080704;ITAU3;2880;2890
20080707;ITAU3;2976;2830
20080708;ITAU3;2950;2816
20080710;ITAU3;2800;2800
20080711;ITAU3;2715;2850
20080714;ITAU3;2801;2800
20080715;ITAU3;2811;2799
20080716;ITAU3;2800;2908
20080717;ITAU3;2990;2930
20080718;ITAU3;2931;3079
20080721;ITAU3;3005;2980
20080722;ITAU3;3000;2980
20080723;ITAU3;3000;3040
20080724;ITAU3;3000;2980
20080725;ITAU3;2980;2929
20080728;ITAU3;2980;2800
20080729;ITAU3;2850;2880
20080730;ITAU3;2945;2939
20080731;ITAU3;2940;2904
20080801;ITAU3;2910;2900
20080804;ITAU3;2880;2822
20080805;ITAU3;2822;2890
20080806;ITAU3;2900;3000
20080807;ITAU3;3000;2940
20080808;ITAU3;2936;2900
20080811;ITAU3;2951;2900
20080812;ITAU3;2913;2898
20080813;ITAU3;2800;2760
20080814;ITAU3;2850;2850
20080815;ITAU3;2800;2805
20080818;ITAU3;2800;2720
20080819;ITAU3;2729;2755
20080820;ITAU3;2750;2800
20080821;ITAU3;2800;2800
20080822;ITAU3;2780;2800
20080825;ITAU3;2840;2740
20080826;ITAU3;2750;2680
20080827;ITAU3;2760;2759
20080828;ITAU3;2700;2800
20080829;ITAU3;2799;2750
20080901;ITAU3;2740;2750
20080902;ITAU3;2799;2749
20080903;ITAU3;2750;2800
20080904;ITAU3;2750;2769
20080905;ITAU3;2700;2800
20080908;ITAU3;2845;2750
20080909;ITAU3;2749;2788
20080910;ITAU3;2750;2780
20080911;ITAU3;2680;2744
20080912;ITAU3;2680;2789
20080915;ITAU3;2650;2699
20080916;ITAU3;2700;2700
20080917;ITAU3;2600;2500
20080918;ITAU3;2600;2726
20080919;ITAU3;2850;2840
20080922;ITAU3;2845;2820
20080923;ITAU3;2800;2701
20080924;ITAU3;2750;2750
20080925;ITAU3;2730;2798
20080926;ITAU3;2700;2774
20080929;ITAU3;2700;2785
20080930;ITAU3;2730;3140
20081001;ITAU3;2850;2950
20081002;ITAU3;2900;2900
20081003;ITAU3;2899;2680
20081006;ITAU3;2500;2649
20081007;ITAU3;2600;2500
20081008;ITAU3;2311;2540
20081009;ITAU3;2550;2407
20081010;ITAU3;2244;2250
20081013;ITAU3;2430;2421
20081014;ITAU3;2500;2470
20081015;ITAU3;2397;2390
20081016;ITAU3;2391;2349
20081017;ITAU3;2280;2300
20081020;ITAU3;2300;2200
20081021;ITAU3;2199;2189
20081022;ITAU3;2144;2115
20081023;ITAU3;2099;2000
20081024;ITAU3;1699;1700
20081027;ITAU3;1690;1690
20081028;ITAU3;1799;1731
20081029;ITAU3;1790;1780
20081030;ITAU3;1900;1984
20081031;ITAU3;1950;2303
20081103;ITAU3;2683;2355
20081104;ITAU3;2498;2275
20081105;ITAU3;2330;2050
20081106;ITAU3;1995;2018
20081107;ITAU3;2000;1960
20081110;ITAU3;2040;2059
20081111;ITAU3;2035;2100
20081112;ITAU3;2007;2080
20081113;ITAU3;2060;2072
20081114;ITAU3;2100;2146
20081117;ITAU3;2064;2130
20081118;ITAU3;2090;2030
20081119;ITAU3;2030;2019
20081121;ITAU3;2000;1880
20081124;ITAU3;1998;2130
20081125;ITAU3;2090;2030
20081126;ITAU3;2080;2198
20081127;ITAU3;2200;2190
20081128;ITAU3;2061;2189
20081201;ITAU3;2012;2150
20081202;ITAU3;2150;2200
20081203;ITAU3;2200;2180
20081204;ITAU3;2150;2235
20081205;ITAU3;2131;2270
20081208;ITAU3;2299;2399
20081209;ITAU3;2400;2429
20081210;ITAU3;2435;2439
20081211;ITAU3;2435;2408
20081212;ITAU3;2365;2430
20081215;ITAU3;2370;2345
20081216;ITAU3;2358;2327
20081217;ITAU3;2352;2415
20081218;ITAU3;2415;2360
20081219;ITAU3;2400;2390
20081222;ITAU3;2400;2310
20081223;ITAU3;2310;2220
20081226;ITAU3;2218;2100
20081229;ITAU3;2150;2145
20081230;ITAU3;2150;2150
20090102;ITAU3;2150;2312
20090105;ITAU3;2290;2320
20090106;ITAU3;2320;2360
20090107;ITAU3;2350;2300
20090108;ITAU3;2300;2300
20090109;ITAU3;2300;2294
20090112;ITAU3;2295;2180
20090113;ITAU3;2200;2149
20090114;ITAU3;2086;2000
20090115;ITAU3;2000;1981
20090116;ITAU3;2020;1998
20090119;ITAU3;2000;1998
20090120;ITAU3;2000;1899
20090121;ITAU3;1925;1900
20090122;ITAU3;1881;1914
20090123;ITAU3;1870;1875
20090126;ITAU3;1851;1916
20090127;ITAU3;1920;1920
20090128;ITAU3;2000;1994
20090129;ITAU3;1994;1993
20090130;ITAU3;1992;1987
20090202;ITAU3;1900;1941
20090203;ITAU3;1930;1983
20090204;ITAU3;1990;1935
20090205;ITAU3;1950;2000
20090206;ITAU3;2000;2080
20090209;ITAU3;2080;2059
20090210;ITAU3;2060;2000
20090211;ITAU3;2050;2010
20090212;ITAU3;2010;2019
20090213;ITAU3;2010;2029
20090216;ITAU3;2000;2042
20090217;ITAU3;2000;1998
20090218;ITAU3;1998;1984
20090219;ITAU3;1945;1980
20090220;ITAU3;1969;1959
20090225;ITAU3;1956;1930
20090226;ITAU3;1980;1939
20090227;ITAU3;1920;1900
20090302;ITAU3;1880;1790
20090303;ITAU3;1800;1810
20090304;ITAU3;1844;1927
20090305;ITAU3;1897;1898
20090306;ITAU3;1935;1949
20090309;ITAU3;1949;1879
20090310;ITAU3;1969;1955
20090311;ITAU3;1950;1975
20090312;ITAU3;1955;1999
20090313;ITAU3;2030;2014
20090316;ITAU3;2020;2018
20090317;ITAU3;2020;2114
20090318;ITAU3;2085;2129
20090319;ITAU3;2150;2130
20090320;ITAU3;2101;2090
20090323;ITAU3;2100;2200
20090324;ITAU3;2170;2271
20090325;ITAU3;2220;2199
20090326;ITAU3;2211;2220
20090327;ITAU3;2200;2163
20090330;ITAU3;2150;2140
20090331;ITAU3;2125;2154
20090401;ITAU3;2155;2190
20090402;ITAU3;2200;2250
20090403;ITAU3;2250;2282
20090406;ITAU3;2270;2329
20090407;ITAU3;2300;2330
20090408;ITAU3;2339;2305
20090409;ITAU3;2320;2360
20090413;ITAU3;2344;2348
20090414;ITAU3;2330;2316
20090415;ITAU3;2310;2298
20090416;ITAU3;2290;2339
20090417;ITAU3;2330;2310
20090420;ITAU3;2288;2280
20090422;ITAU3;2287;2240
20090423;ITAU3;2269;2290
20090424;ITAU3;2290;2327
20090427;ITAU3;2300;2275
20090428;ITAU3;2255;2320
20090429;ITAU3;2311;2437
20090430;ITAU3;2450;2459
20090504;ITAU3;2489;2544
20090505;ITAU3;2544;2570
20090506;ITAU3;2599;2550
20090507;ITAU3;2521;2434
20090508;ITAU3;2489;2420
20090511;ITAU3;2416;2388
20090512;ITAU3;2420;2380
20090513;ITAU3;2317;2325
20090514;ITAU3;2339;2339
20090515;ITAU3;2344;2289
20090518;ITAU3;2300;2400
20090519;ITAU3;2399;2397
